FID,SUBNAME,SUBSTATION,MIN_KV,MAX_KV,NUMBANKS,REDACTED,OBJECTID,UNGROUNDED
0,STONE,8370,12.000000000000000,115.000000000000000,2.000000000000000,Yes,49023,None
1,HALF MOON BAY,2410,12.000000000000000,60.000000000000000,3.000000000000000,No,49024,"1,2"
2,DOLAN ROAD,18238,12.000000000000000,115.000000000000000,2.000000000000000,Yes,49025,None
3,DALY CITY,2264,12.000000000000000,115.000000000000000,3.000000000000000,Yes,49026,None
4,EDENVALE,8295,12.000000000000000,115.000000000000000,4.000000000000000,Yes,49027,None
5,MC KEE,8353,12.000000000000000,115.000000000000000,3.000000000000000,Yes,49028,None
6,KING CITY,18203,12.000000000000000,60.000000000000000,3.000000000000000,Yes,49030,None
7,MONTAGUE,8389,21.000000000000000,115.000000000000000,3.000000000000000,Yes,49032,None
8,SAN JOSE A,8225,4.000000000000000,115.000000000000000,4.000000000000000,Yes,49035,None
9,EL PATIO,8292,12.000000000000000,115.000000000000000,4.000000000000000,Yes,49036,None
10,PACIFICA,2281,12.000000000000000,60.000000000000000,2.000000000000000,Yes,49038,"1,2"
11,MT EDEN,1376,12.000000000000000,115.000000000000000,3.000000000000000,Yes,49039,None
12,CASTROVILLE,18235,21.000000000000000,115.000000000000000,1.000000000000000,Yes,49040,None
13,CAMBRIA,18277,12.000000000000000,70.000000000000000,1.000000000000000,No,49042,1
14,BAYWOOD,18280,12.000000000000000,70.000000000000000,1.000000000000000,Yes,49043,1
15,FOOTHILL,18295,12.000000000000000,115.000000000000000,1.000000000000000,Yes,49044,None
16,BEN LOMOND,8304,4.000000000000000,21.000000000000000,2.000000000000000,No,49046,None
17,HATTON,18229,12.000000000000000,60.000000000000000,1.000000000000000,No,49048,1
18,LAURELES,18237,12.000000000000000,60.000000000000000,1.000000000000000,No,49049,None
19,LIVERMORE,1214,12.000000000000000,60.000000000000000,2.000000000000000,No,49052,None
20,WOODSIDE,2425,12.000000000000000,60.000000000000000,3.000000000000000,Yes,49054,None
21,LAWRENCE,8342,12.000000000000000,115.000000000000000,3.000000000000000,Yes,49055,None
22,OCEANO,18260,12.000000000000000,115.000000000000000,2.000000000000000,No,49056,None
23,POTRERO A,2203,12.000000000000000,115.000000000000000,3.000000000000000,Yes,161843,None
24,PEABODY,6364,21.000000000000000,230.000000000000000,3.000000000000000,Yes,161725,None
25,GRAND ISLAND,6246,21.000000000000000,115.000000000000000,3.000000000000000,Yes,161722,None
26,ZAMORA,6319,12.000000000000000,115.000000000000000,2.000000000000000,No,161723,None
27,MERIDIAN,6254,12.000000000000000,60.000000000000000,1.000000000000000,Yes,161724,1
28,RICE,6283,12.000000000000000,60.000000000000000,2.000000000000000,Yes,161726,"1,2"
29,PLAINFIELD,6344,12.000000000000000,115.000000000000000,2.000000000000000,No,161727,"1,2"
30,OAK PARK,16327,4.000000000000000,60.000000000000000,1.000000000000000,Yes,65005,1
31,WRIGHT,25464,12.000000000000000,70.000000000000000,1.000000000000000,Yes,65006,3
32,MERCED,25280,12.000000000000000,115.000000000000000,2.000000000000000,No,65007,None
33,FELLOWS,25424,21.000000000000000,115.000000000000000,2.000000000000000,Yes,65008,None
34,GANSO,25454,12.000000000000000,115.000000000000000,1.000000000000000,Yes,65009,None
35,GARDNER,25493,0.000000000000000,0.000000000000000,1.000000000000000,Yes,65010,1
36,COTTLE,16371,17.000000000000000,230.000000000000000,3.000000000000000,No,65183,None
37,TAMARACK,15229,12.000000000000000,60.000000000000000,1.000000000000000,No,161763,1
38,APPLE HILL,15366,12.000000000000000,115.000000000000000,2.000000000000000,No,161764,None
39,EAST NICOLAUS,15215,12.000000000000000,115.000000000000000,1.000000000000000,Yes,161765,None
40,PIKE CITY,15220,12.000000000000000,60.000000000000000,1.000000000000000,Yes,161766,None
41,EIGHT MILE,16391,21.000000000000000,230.000000000000000,2.000000000000000,Yes,65211,None
42,ELECTRA,16216,12.000000000000000,60.000000000000000,1.000000000000000,No,65212,1
43,RIPON,16380,17.000000000000000,115.000000000000000,2.000000000000000,No,65213,"1,2"
44,AUBERRY,25415,12.000000000000000,70.000000000000000,2.000000000000000,No,65214,None
45,PANAMA,25342,21.000000000000000,70.000000000000000,1.000000000000000,No,65215,None
46,TRACY,16288,12.000000000000000,115.000000000000000,4.000000000000000,Yes,65216,None
47,STOCKTON A,16237,4.000000000000000,115.000000000000000,5.000000000000000,Yes,65217,None
48,MANCHESTER,25392,12.000000000000000,115.000000000000000,3.000000000000000,Yes,65079,None
49,ORO LOMA,25537,12.000000000000000,115.000000000000000,2.000000000000000,Yes,65087,None
50,PEORIA,16378,17.000000000000000,115.000000000000000,2.000000000000000,No,65100,"1,2"
51,DIXON,6206,12.000000000000000,60.000000000000000,2.000000000000000,Yes,161728,None
52,WILLIAMS,6205,12.000000000000000,60.000000000000000,2.000000000000000,Yes,161729,"1,2"
53,WOODLAND,6203,12.000000000000000,115.000000000000000,3.000000000000000,Yes,161730,None
54,SANTA ROSA A,4215,12.000000000000000,115.000000000000000,3.000000000000000,Yes,161731,None
55,FORT BRAGG A,4276,12.000000000000000,60.000000000000000,2.000000000000000,No,161732,None
56,HIGHLANDS,4336,12.000000000000000,115.000000000000000,2.000000000000000,No,161733,None
57,JANES CREEK,19239,12.000000000000000,60.000000000000000,2.000000000000000,Yes,161734,1
58,WILLOW CREEK,19217,12.000000000000000,60.000000000000000,1.000000000000000,Yes,161735,None
59,EUREKA A,19212,12.000000000000000,60.000000000000000,1.000000000000000,Yes,161736,None
60,WILKINS SLOUGH,6277,12.000000000000000,60.000000000000000,1.000000000000000,Yes,161740,1
61,BRIDGEVILLE,19246,12.000000000000000,115.000000000000000,1.000000000000000,Yes,161737,None
62,RUSS RANCH,19247,12.000000000000000,60.000000000000000,1.000000000000000,Yes,161738,None
63,FAIRHAVEN,19245,12.000000000000000,60.000000000000000,1.000000000000000,Yes,161739,None
64,SUISUN,6213,12.000000000000000,115.000000000000000,3.000000000000000,Yes,161741,None
65,DUNNIGAN,6381,12.000000000000000,60.000000000000000,1.000000000000000,Yes,161742,1
66,VACA DIXON,6359,12.000000000000000,115.000000000000000,3.000000000000000,Yes,161743,None
67,WEST SACRAMENTO,6313,12.000000000000000,115.000000000000000,3.000000000000000,Yes,161744,None
68,JAMESON,6380,12.000000000000000,115.000000000000000,2.000000000000000,Yes,161745,None
69,MADISON,6317,12.000000000000000,115.000000000000000,3.000000000000000,Yes,161746,None
70,COLUSA,6202,12.000000000000000,60.000000000000000,2.000000000000000,Yes,161747,"1,2"
71,PLUMAS,15373,12.000000000000000,60.000000000000000,2.000000000000000,Yes,161748,"1,2"
72,DOBBINS,15374,12.000000000000000,60.000000000000000,1.000000000000000,No,161749,1
73,ECHO SUMMIT,15803,12.000000000000000,13.800000000000001,1.000000000000000,Yes,161750,None
74,WEIMAR,15249,12.000000000000000,60.000000000000000,1.000000000000000,Yes,161751,None
75,WISE,15227,12.000000000000000,6.000000000000000,1.000000000000000,Yes,161755,None
76,BRUNSWICK,15248,12.000000000000000,115.000000000000000,3.000000000000000,No,161752,"1,3"
77,VINEYARD,1450,21.000000000000000,230.000000000000000,2.000000000000000,No,97489,None
78,CARNERAS,25232,12.000000000000000,70.000000000000000,1.000000000000000,Yes,65075,None
79,SAN BERNARD,25319,12.000000000000000,70.000000000000000,1.000000000000000,Yes,65076,None
80,TECUYA,25451,2.400000000000000,70.000000000000000,1.000000000000000,Yes,65077,1
81,HALSEY,15224,12.000000000000000,60.000000000000000,1.000000000000000,No,161753,None
82,TEJON,25293,12.000000000000000,70.000000000000000,2.000000000000000,Yes,65078,None
83,RAINBOW,25444,12.000000000000000,115.000000000000000,1.000000000000000,Yes,65081,None
84,PARLIER,25229,12.000000000000000,115.000000000000000,1.000000000000000,Yes,65082,None
85,DEL MAR,15258,12.000000000000000,60.000000000000000,3.000000000000000,No,161754,3
86,EL DORADO P H,15276,21.000000000000000,115.000000000000000,1.000000000000000,No,161756,None
87,BONNIE NOOK,15230,12.000000000000000,60.000000000000000,1.000000000000000,No,161757,None
88,LINCOLN,15370,12.000000000000000,115.000000000000000,3.000000000000000,Yes,161758,None
89,GRASS VALLEY,15203,12.000000000000000,60.000000000000000,1.000000000000000,Yes,161759,None
90,SUMMIT,15259,12.000000000000000,60.000000000000000,1.000000000000000,Yes,161760,1
91,PLEASANT GROVE,15244,21.000000000000000,115.000000000000000,3.000000000000000,Yes,161761,None
92,PENRYN,15256,12.000000000000000,60.000000000000000,2.000000000000000,No,161762,"1,2"
93,BORDEN,25512,12.000000000000000,230.000000000000000,1.000000000000000,Yes,65083,None
94,KINGSBURG,25224,12.000000000000000,115.000000000000000,2.000000000000000,Yes,65084,None
95,KERN OIL,25272,12.000000000000000,115.000000000000000,3.000000000000000,Yes,65085,None
96,WESTPARK,25370,12.000000000000000,115.000000000000000,3.000000000000000,Yes,65086,None
97,NORTH BRANCH,16323,12.000000000000000,60.000000000000000,1.000000000000000,No,65088,"1 A,1 2A"
98,AG WISHON POWERHOUSE,25151,12.000000000000000,2.300000000000000,1.000000000000000,Yes,65089,None
99,DUMBARTON,1447,12.000000000000000,115.000000000000000,3.000000000000000,Yes,48995,None
100,SALINAS,18201,12.000000000000000,115.000000000000000,2.000000000000000,Yes,48996,None
101,COUNTRY CLUB,16312,4.000000000000000,60.000000000000000,4.000000000000000,Yes,65090,None
102,MIDWAY,25261,12.000000000000000,115.000000000000000,2.000000000000000,Yes,65091,None
103,SAN MIGUEL,18266,12.000000000000000,70.000000000000000,1.000000000000000,Yes,49003,None
104,MORRO BAY,18301,12.000000000000000,115.000000000000000,1.000000000000000,No,49004,None
105,TEMPLETON,18305,21.000000000000000,230.000000000000000,2.000000000000000,No,49005,None
106,CABRILLO,18310,12.000000000000000,115.000000000000000,1.000000000000000,No,49006,None
107,RIVER OAKS,8234,21.000000000000000,115.000000000000000,2.000000000000000,Yes,49007,None
108,LOS COCHES,18215,12.000000000000000,60.000000000000000,1.000000000000000,Yes,49008,None
109,CAYETANO,1442,21.000000000000000,230.000000000000000,1.000000000000000,No,49009,None
110,BUENA VISTA,18226,12.000000000000000,60.000000000000000,3.000000000000000,Yes,49010,None
111,RESERVATION ROAD,18273,12.000000000000000,60.000000000000000,1.000000000000000,No,49012,1
112,LOS GATOS,8202,12.000000000000000,60.000000000000000,2.000000000000000,No,49013,"1,2"
113,LAS POSITAS,1440,21.000000000000000,230.000000000000000,3.000000000000000,Yes,49014,None
114,BURLINGAME,2405,4.000000000000000,115.000000000000000,3.000000000000000,Yes,49015,None
115,LAS PULGAS,2412,4.000000000000000,60.000000000000000,2.000000000000000,No,49016,"1,2"
116,LOS ALTOS,8224,12.000000000000000,60.000000000000000,3.000000000000000,No,49017,"1,2,3"
117,WATERSHED,2424,4.000000000000000,60.000000000000000,1.000000000000000,Yes,49018,None
118,CAROLANDS,2406,4.000000000000000,60.000000000000000,2.000000000000000,No,49019,"1,2"
119,PAUL SWEET,8325,21.000000000000000,115.000000000000000,3.000000000000000,Yes,49022,None
120,SERRAMONTE,2286,12.000000000000000,115.000000000000000,1.000000000000000,No,49117,None
121,NORTECH,8246,21.000000000000000,115.000000000000000,2.000000000000000,Yes,49119,None
122,CASSERLY,8311,4.000000000000000,21.000000000000000,1.000000000000000,Yes,49121,None
123,SAN ARDO,18219,12.000000000000000,60.000000000000000,1.000000000000000,Yes,49122,1
124,BURNS,18358,21.600000000000001,60.000000000000000,1.000000000000000,Yes,49123,None
125,SANTA YNEZ,18272,12.000000000000000,115.000000000000000,2.000000000000000,No,49124,None
126,RADUM,1315,12.000000000000000,60.000000000000000,2.000000000000000,No,49125,None
127,SUNOL,1424,12.000000000000000,60.000000000000000,1.000000000000000,Yes,49126,None
128,NEWARK,1222,12.000000000000000,230.000000000000000,4.000000000000000,Yes,49127,None
129,CAYUCOS,18255,12.000000000000000,70.000000000000000,2.000000000000000,No,49128,None
130,CARMEL,18204,4.000000000000000,21.000000000000000,2.000000000000000,Yes,49129,None
131,AMES,8390,12.000000000000000,115.000000000000000,1.000000000000000,Yes,49130,None
132,INDUSTRIAL ACRES,18230,4.000000000000000,60.000000000000000,1.000000000000000,Yes,49133,None
133,PASO ROBLES,18261,12.000000000000000,70.000000000000000,3.000000000000000,No,49135,None
134,DEL MONTE,18222,12.000000000000000,115.000000000000000,3.000000000000000,No,49137,None
135,PURISIMA,18297,12.000000000000000,115.000000000000000,1.000000000000000,Yes,49139,None
136,JOLON,18298,12.000000000000000,60.000000000000000,2.000000000000000,Yes,49140,1
137,CAMPHORA,18207,4.160000000000000,60.000000000000000,2.000000000000000,Yes,49141,1
138,SISQUOC,18281,12.000000000000000,115.000000000000000,2.000000000000000,Yes,49142,None
139,BORONDA,18246,12.000000000000000,60.000000000000000,1.000000000000000,Yes,49143,None
140,SAN LUIS OBISPO,18263,12.000000000000000,115.000000000000000,2.000000000000000,Yes,49144,None
141,EMERALD LAKE,2408,4.000000000000000,60.000000000000000,1.000000000000000,No,49145,None
142,FORT ORD,18240,12.000000000000000,60.000000000000000,2.000000000000000,Yes,49146,1
143,ROUGH AND READY,16308,12.000000000000000,60.000000000000000,1.000000000000000,No,65038,1
144,HARDWICK,25371,12.000000000000000,70.000000000000000,1.000000000000000,Yes,65039,1
145,RIVERBANK,16319,17.000000000000000,115.000000000000000,2.000000000000000,Yes,65040,"1,2"
146,CLAY,16334,12.000000000000000,60.000000000000000,2.000000000000000,Yes,65041,None
147,EL PECO,25398,12.000000000000000,70.000000000000000,2.000000000000000,Yes,65042,1
148,TAFT,25208,12.000000000000000,115.000000000000000,2.000000000000000,Yes,65043,None
149,PINEDALE,25285,21.000000000000000,115.000000000000000,3.000000000000000,Yes,65044,None
150,CHICO C,10265,4.160000000000000,12.000000000000000,1.000000000000000,No,161686,None
151,COARSEGOLD,25443,21.000000000000000,115.000000000000000,2.000000000000000,No,65045,None
152,MANTECA,16261,4.000000000000000,115.000000000000000,5.000000000000000,Yes,65046,"5,6,7,8"
153,SAN JOAQUIN,25236,12.000000000000000,70.000000000000000,2.000000000000000,Yes,65047,1
154,SCHINDLER,25289,12.000000000000000,115.000000000000000,2.000000000000000,Yes,65048,None
155,BULLARD,25396,12.000000000000000,115.000000000000000,4.000000000000000,Yes,65049,None
156,TERMINOUS,16302,12.000000000000000,60.000000000000000,1.000000000000000,Yes,65050,None
157,LINDEN,16207,12.000000000000000,60.000000000000000,1.000000000000000,Yes,65051,None
158,TIGER CREEK,16138,0.000000000000000,0.000000000000000,1.000000000000000,Yes,65052,None
159,WATERLOO,16315,12.000000000000000,60.000000000000000,1.000000000000000,No,65053,1
160,MILLBRAE,2269,4.000000000000000,115.000000000000000,3.000000000000000,Yes,49000,None
161,SAN JOAQUIN #2,25252,12.000000000000000,11.000000000000000,1.000000000000000,No,65101,None
162,RACETRACK,16376,17.000000000000000,115.000000000000000,1.000000000000000,Yes,65125,None
163,ASHLAN AVENUE,25205,12.000000000000000,230.000000000000000,3.000000000000000,Yes,65126,None
164,CALFLAX,25344,12.000000000000000,70.000000000000000,1.000000000000000,Yes,65127,None
165,AIRWAYS,25204,12.000000000000000,115.000000000000000,2.000000000000000,Yes,65128,None
166,BONITA,25539,12.000000000000000,70.000000000000000,1.000000000000000,Yes,65129,1
167,DINUBA,25409,12.000000000000000,70.000000000000000,2.000000000000000,Yes,65130,None
168,WEST LANE,16362,12.000000000000000,60.000000000000000,1.000000000000000,Yes,65131,1
169,CALIFORNIA AVE,25228,12.000000000000000,115.000000000000000,3.000000000000000,Yes,65132,None
170,MENDOTA,25231,12.000000000000000,115.000000000000000,1.000000000000000,Yes,65134,None
171,BELLE HAVEN,2402,4.000000000000000,60.000000000000000,5.000000000000000,Yes,48994,None
172,SF H,2210,4.000000000000000,115.000000000000000,8.000000000000000,Yes,49021,None
173,SAN LEANDRO,1311,12.000000000000000,115.000000000000000,3.000000000000000,Yes,49034,None
174,LOCKHEED NO.2,8300,12.000000000000000,115.000000000000000,2.000000000000000,Yes,49071,None
175,HAYWARD O,1224,4.000000000000000,12.000000000000000,2.000000000000000,No,49078,None
176,SAN JOAQUIN #3,25253,12.000000000000000,70.000000000000000,1.000000000000000,Yes,65174,None
177,SO. CAL. EDISON #11,25811,0.000000000000000,0.000000000000000,1.000000000000000,Yes,65175,None
178,WAHTOKE,25453,12.000000000000000,115.000000000000000,2.000000000000000,Yes,65135,None
179,INDIAN FLAT,25269,12.000000000000000,70.000000000000000,1.000000000000000,Yes,65136,None
180,RENFRO,25457,21.000000000000000,115.000000000000000,2.000000000000000,No,65137,None
181,VICTOR,16328,12.000000000000000,60.000000000000000,2.000000000000000,No,65138,1
182,SANGER,25235,12.000000000000000,115.000000000000000,2.000000000000000,Yes,65139,None
183,FIGARDEN,25455,21.000000000000000,230.000000000000000,3.000000000000000,No,65184,None
184,NEWHALL,25446,12.000000000000000,115.000000000000000,2.000000000000000,Yes,65185,None
185,STONE CORRAL,25292,12.000000000000000,70.000000000000000,2.000000000000000,Yes,65186,"2,3"
186,KEARNEY,25270,12.000000000000000,70.000000000000000,2.000000000000000,Yes,65187,None
187,AVENAL,25500,21.000000000000000,70.000000000000000,1.000000000000000,Yes,65188,None
188,LIVINGSTON,25226,12.000000000000000,115.000000000000000,2.000000000000000,Yes,65190,None
189,CALAVERAS CEMENT,16221,12.000000000000000,60.000000000000000,1.000000000000000,No,65191,None
190,ATWATER,25361,12.000000000000000,115.000000000000000,2.000000000000000,No,65192,None
191,TAR FLAT,16324,4.000000000000000,17.000000000000000,1.000000000000000,Yes,65193,None
192,DAIRYLAND,25242,12.000000000000000,115.000000000000000,2.000000000000000,Yes,65080,None
193,SARATOGA,8337,12.000000000000000,230.000000000000000,3.000000000000000,Yes,274039,None
194,CRESCENT MILLS,10313,21.000000000000000,44.000000000000000,1.000000000000000,No,161793,None
195,CARNATION,25528,0.000000000000000,0.000000000000000,1.000000000000000,Yes,65194,None
196,NEWMAN,16274,12.000000000000000,60.000000000000000,2.000000000000000,Yes,65195,None
197,CROWS LANDING,16325,12.000000000000000,60.000000000000000,1.000000000000000,Yes,65196,1
198,OROSI,25284,12.000000000000000,70.000000000000000,2.000000000000000,Yes,65197,None
199,REEDLEY,25234,12.000000000000000,115.000000000000000,2.000000000000000,No,65198,None
200,TULE POWER HOUSE,25859,12.000000000000000,2.300000000000000,1.000000000000000,No,65199,None
201,DOS PALOS,25404,12.000000000000000,70.000000000000000,1.000000000000000,No,65200,1
202,TEVIS,25532,21.000000000000000,115.000000000000000,3.000000000000000,Yes,65201,None
203,MCKITTRICK,25278,12.000000000000000,70.000000000000000,1.000000000000000,Yes,65202,1
204,WEBER,16348,12.000000000000000,230.000000000000000,4.000000000000000,Yes,65203,None
205,WEST POINT,16320,12.000000000000000,60.000000000000000,2.000000000000000,No,65204,3
206,AVENA,16357,17.000000000000000,115.000000000000000,1.000000000000000,No,65205,1
207,SAN BRUNO,2270,4.000000000000000,60.000000000000000,1.000000000000000,No,49033,1
208,HARDING,16331,4.000000000000000,60.000000000000000,2.000000000000000,Yes,65140,"1,2"
209,HURON,25316,12.000000000000000,70.000000000000000,2.000000000000000,Yes,65141,None
210,RIVER ROCK,25525,12.000000000000000,70.000000000000000,1.000000000000000,Yes,65142,1
211,HERDLYN,16374,12.000000000000000,60.000000000000000,1.000000000000000,No,65145,None
212,7TH STANDARD,25458,21.000000000000000,115.000000000000000,2.000000000000000,Yes,65146,None
213,WHEELER RIDGE,25348,12.000000000000000,70.000000000000000,1.000000000000000,Yes,65147,None
214,BLACKWELL,25468,12.000000000000000,70.000000000000000,1.000000000000000,Yes,65149,1
215,FAMOSO,25246,12.000000000000000,115.000000000000000,1.000000000000000,Yes,65150,None
216,ARVIN,25380,12.000000000000000,70.000000000000000,1.000000000000000,Yes,65151,None
217,LAMONT,25391,12.000000000000000,115.000000000000000,2.000000000000000,Yes,65152,None
218,MERCED FALLS,25281,12.000000000000000,70.000000000000000,1.000000000000000,No,65156,None
219,CANAL,25209,12.000000000000000,70.000000000000000,2.000000000000000,Yes,65157,None
220,WOODWARD,25529,21.000000000000000,115.000000000000000,3.000000000000000,Yes,65158,None
221,CHANNEL,16307,12.000000000000000,60.000000000000000,1.000000000000000,Yes,65159,1
222,BARTON,25357,12.000000000000000,115.000000000000000,3.000000000000000,Yes,65160,None
223,EL CAPITAN,25388,12.000000000000000,115.000000000000000,3.000000000000000,Yes,65161,None
224,CANTUA,25359,12.000000000000000,115.000000000000000,1.000000000000000,Yes,65162,None
225,OAKHURST,25442,12.000000000000000,115.000000000000000,3.000000000000000,No,65163,None
226,SAND CREEK,25460,12.000000000000000,70.000000000000000,1.000000000000000,No,65164,None
227,LEMOORE,25360,12.000000000000000,70.000000000000000,3.000000000000000,Yes,65165,None
228,WILSON,25430,12.000000000000000,115.000000000000000,1.000000000000000,No,65166,None
229,TIVY VALLEY,25294,12.000000000000000,70.000000000000000,1.000000000000000,Yes,65167,1
230,HENRIETTA,25268,12.000000000000000,70.000000000000000,2.000000000000000,Yes,65168,None
231,MC FARLAND,25318,12.000000000000000,70.000000000000000,2.000000000000000,Yes,65173,None
232,OILFIELDS,18239,12.000000000000000,60.000000000000000,2.000000000000000,Yes,49147,None
233,SANTA TERESA,8391,21.000000000000000,115.000000000000000,1.000000000000000,No,49148,None
234,PIERCY,8391,21.000000000000000,115.000000000000000,1.000000000000000,No,49148,None
235,GLENWOOD,2409,4.000000000000000,60.000000000000000,3.000000000000000,Yes,49149,"1,2,3"
236,SANTA MARIA,18267,12.000000000000000,115.000000000000000,2.000000000000000,Yes,49150,None
237,SULLIVAN,2285,4.160000000000000,12.000000000000000,1.000000000000000,No,49151,None
238,WHISMAN,8363,12.000000000000000,115.000000000000000,3.000000000000000,Yes,49153,None
239,GOLDTREE,18258,12.000000000000000,115.000000000000000,1.000000000000000,Yes,49154,None
240,PACIFIC GROVE,18244,4.000000000000000,21.000000000000000,2.000000000000000,No,49155,None
241,SWIFT,8339,21.000000000000000,115.000000000000000,3.000000000000000,No,49160,None
242,MESA,18282,12.000000000000000,230.000000000000000,1.000000000000000,No,49161,None
243,PRUNEDALE,18296,12.000000000000000,115.000000000000000,2.000000000000000,Yes,49163,None
244,SOTO,1326,4.000000000000000,12.000000000000000,2.000000000000000,No,49164,None
245,EAST STOCKTON,16313,4.000000000000000,60.000000000000000,2.000000000000000,Yes,65115,"1,3"
246,TULARE LAKE,25295,12.000000000000000,70.000000000000000,2.000000000000000,Yes,65117,2
247,COALINGA NO 1,25216,12.000000000000000,70.000000000000000,2.000000000000000,Yes,65118,None
248,STAGG,16242,12.000000000000000,230.000000000000000,4.000000000000000,Yes,65119,None
249,LE GRAND,25536,12.000000000000000,115.000000000000000,1.000000000000000,Yes,65120,None
250,BAKERSFIELD,25337,12.000000000000000,230.000000000000000,6.000000000000000,Yes,65121,None
251,SANTA NELLA,25405,12.000000000000000,70.000000000000000,2.000000000000000,Yes,65122,1
252,CARUTHERS,25237,12.000000000000000,70.000000000000000,2.000000000000000,Yes,65123,None
253,VALLEY HOME,16298,17.000000000000000,115.000000000000000,2.000000000000000,No,65124,"2,1"
254,POSO MOUNTAIN,25364,21.000000000000000,115.000000000000000,2.000000000000000,Yes,65189,None
255,FAIRWAY,18206,12.000000000000000,115.000000000000000,2.000000000000000,Yes,48997,None
256,COAST RD.,8882,4.160000000000000,21.000000000000000,1.000000000000000,Yes,48998,None
257,MOUNTAIN VIEW,8203,12.000000000000000,115.000000000000000,3.000000000000000,Yes,49087,None
258,HILLSDALE,2411,4.000000000000000,60.000000000000000,1.000000000000000,Yes,49057,None
259,EVERGREEN,8201,21.000000000000000,115.000000000000000,2.000000000000000,No,49058,None
260,FREMONT,1435,12.000000000000000,115.000000000000000,3.000000000000000,Yes,49059,None
261,ERTA,8351,4.000000000000000,60.000000000000000,1.000000000000000,No,49060,"1,2"
262,ZACA,18268,12.000000000000000,115.000000000000000,1.000000000000000,Yes,49061,None
263,POINT MORETTI,8293,12.000000000000000,60.000000000000000,1.000000000000000,Yes,49062,None
264,JARVIS,1350,12.000000000000000,115.000000000000000,3.000000000000000,Yes,49063,None
265,NEWARK,1222,12.000000000000000,230.000000000000000,4.000000000000000,Yes,49064,None
266,SAN MATEO,2419,4.000000000000000,115.000000000000000,2.000000000000000,No,49065,None
267,STELLING,8348,12.000000000000000,115.000000000000000,3.000000000000000,Yes,49066,None
268,SAN CARLOS,2418,4.000000000000000,60.000000000000000,3.000000000000000,Yes,49067,None
269,VASCO,1375,12.000000000000000,60.000000000000000,2.000000000000000,Yes,49068,"1,2"
270,VASONA,8377,12.000000000000000,230.000000000000000,2.000000000000000,Yes,49069,None
271,CASTRO VALLEY,1409,12.000000000000000,230.000000000000000,2.000000000000000,Yes,49070,None
272,REDWOOD CITY,2416,4.000000000000000,60.000000000000000,6.000000000000000,Yes,49072,None
273,SAN RAMON,1423,21.000000000000000,230.000000000000000,4.000000000000000,Yes,49073,None
274,DIXON LANDING,1472,21.000000000000000,115.000000000000000,3.000000000000000,Yes,49074,None
275,WOLFE,8367,12.000000000000000,115.000000000000000,3.000000000000000,Yes,49075,None
276,GONZALES,18213,12.000000000000000,60.000000000000000,2.000000000000000,Yes,49076,3
277,BAIR,2426,12.000000000000000,115.000000000000000,2.000000000000000,Yes,49077,None
278,CHOLAME,18256,12.000000000000000,70.000000000000000,2.000000000000000,No,49079,2
279,EAST GRAND,2257,4.000000000000000,115.000000000000000,5.000000000000000,Yes,49080,None
280,TRIMBLE,8380,12.000000000000000,115.000000000000000,4.000000000000000,Yes,49081,None
281,LLAGAS,8318,21.000000000000000,115.000000000000000,3.000000000000000,No,49082,None
282,BELMONT,2403,4.160000000000000,115.000000000000000,5.000000000000000,Yes,49083,None
283,BRITTON,8361,12.000000000000000,115.000000000000000,3.000000000000000,Yes,49084,None
284,NORTH DUBLIN,1405,21.000000000000000,230.000000000000000,1.000000000000000,No,49085,None
285,MILPITAS,8283,12.000000000000000,115.000000000000000,4.000000000000000,Yes,49086,None
286,OTTER,18294,12.000000000000000,60.000000000000000,1.000000000000000,No,49088,1
287,MENLO,2413,4.000000000000000,60.000000000000000,4.000000000000000,No,49089,None
288,GRANT,1438,12.000000000000000,115.000000000000000,2.000000000000000,Yes,49090,None
289,ROB ROY,8369,21.000000000000000,115.000000000000000,1.000000000000000,No,49091,1
290,SAN JOSE B,8226,12.000000000000000,115.000000000000000,4.000000000000000,Yes,49092,None
291,MABURY,8219,12.000000000000000,115.000000000000000,2.000000000000000,Yes,49093,None
292,FMC,8387,12.000000000000000,115.000000000000000,2.000000000000000,Yes,49094,None
293,RALSTON,2414,12.000000000000000,60.000000000000000,2.000000000000000,Yes,49095,"1,2"
294,ALMADEN,8231,12.000000000000000,60.000000000000000,2.000000000000000,No,49096,None
295,BUELLTON,18304,12.000000000000000,115.000000000000000,2.000000000000000,No,49097,None
296,VIEJO,18285,21.000000000000000,60.000000000000000,2.000000000000000,Yes,49098,None
297,ESTUDILLO,1348,4.160000000000000,12.000000000000000,1.000000000000000,No,49103,None
298,SOLEDAD,18205,12.000000000000000,115.000000000000000,3.000000000000000,Yes,49104,None
299,PERRY,18307,12.000000000000000,70.000000000000000,1.000000000000000,No,49106,None
300,ATASCADERO,18254,12.000000000000000,70.000000000000000,1.000000000000000,No,49108,None
301,PALMER,18303,12.000000000000000,115.000000000000000,1.000000000000000,Yes,49110,None
302,GABILAN,18233,12.000000000000000,60.000000000000000,1.000000000000000,Yes,49111,1
303,SNEATH LANE,2272,12.000000000000000,60.000000000000000,2.000000000000000,Yes,49113,None
304,LOYOLA,8216,4.000000000000000,115.000000000000000,2.000000000000000,No,49114,None
305,MONTEREY,18209,4.000000000000000,60.000000000000000,2.000000000000000,Yes,49115,1
306,LOS OSITOS,18208,21.000000000000000,60.000000000000000,2.000000000000000,Yes,49116,1
307,HIGHWAY,4265,12.000000000000000,115.000000000000000,2.000000000000000,Yes,161537,None
308,KETTLEMAN HILLS,25273,12.000000000000000,70.000000000000000,1.000000000000000,Yes,65223,None
309,RESERVE OIL,25418,12.000000000000000,70.000000000000000,1.000000000000000,Yes,65224,2
310,PARKWAY,4205,12.000000000000000,230.000000000000000,1.000000000000000,Yes,161538,None
311,GREENBRAE,4309,12.000000000000000,60.000000000000000,2.000000000000000,Yes,161540,"1,2"
312,ALTO,4203,12.000000000000000,60.000000000000000,2.000000000000000,Yes,161541,None
313,IGNACIO,4248,12.000000000000000,115.000000000000000,2.000000000000000,No,161542,None
314,CALISTOGA,4271,12.000000000000000,115.000000000000000,1.000000000000000,No,161544,1
315,CARQUINEZ,4328,12.000000000000000,115.000000000000000,2.000000000000000,Yes,161545,None
316,KIRKER,1445,21.000000000000000,115.000000000000000,3.000000000000000,No,161546,None
317,ELK,4298,12.000000000000000,60.000000000000000,1.000000000000000,Yes,161547,None
318,BIG RIVER,4308,12.000000000000000,60.000000000000000,1.000000000000000,No,161548,1
319,COVELO,4306,12.000000000000000,60.000000000000000,1.000000000000000,No,161549,1
320,MIDDLETOWN,4314,12.000000000000000,60.000000000000000,2.000000000000000,No,161550,"1,2"
321,PHILO,4260,12.000000000000000,60.000000000000000,1.000000000000000,No,161554,1
322,LUCERNE,4335,12.000000000000000,115.000000000000000,2.000000000000000,No,161551,2
323,GARCIA,4304,4.000000000000000,60.000000000000000,1.000000000000000,Yes,161552,1
324,UKIAH,4277,12.000000000000000,115.000000000000000,2.000000000000000,Yes,161553,None
325,HARTLEY,4321,12.000000000000000,60.000000000000000,2.000000000000000,No,161555,None
326,UPPER LAKE,4287,12.000000000000000,60.000000000000000,1.000000000000000,No,161556,None
327,HOPLAND,4225,12.000000000000000,60.000000000000000,1.000000000000000,Yes,161557,None
328,LAYTONVILLE,4268,12.000000000000000,60.000000000000000,1.000000000000000,No,161558,None
329,POINT ARENA,4338,12.000000000000000,60.000000000000000,1.000000000000000,No,161559,1
330,CALPELLA,4341,12.000000000000000,115.000000000000000,1.000000000000000,Yes,161560,None
331,KONOCTI,4331,12.000000000000000,60.000000000000000,3.000000000000000,No,161561,None
332,GUALALA,4284,12.000000000000000,60.000000000000000,2.000000000000000,No,161562,2
333,CLEAR LAKE,4214,12.000000000000000,60.000000000000000,2.000000000000000,No,161563,None
334,POTTER VALLEY P H,4228,12.000000000000000,60.000000000000000,3.000000000000000,No,161564,None
335,REDBUD,4319,12.000000000000000,115.000000000000000,2.000000000000000,No,161565,1
336,WALNUT CREEK,1220,4.000000000000000,21.000000000000000,2.000000000000000,Yes,161664,None
337,MONTE RIO,4281,12.000000000000000,60.000000000000000,2.000000000000000,Yes,161661,None
338,PUEBLO,4329,12.000000000000000,115.000000000000000,3.000000000000000,Yes,161662,None
339,BRYANT,1309,4.000000000000000,12.000000000000000,2.000000000000000,Yes,161663,None
340,ALHAMBRA,1410,12.000000000000000,115.000000000000000,2.000000000000000,No,161665,None
341,ORO FINO,10303,12.000000000000000,60.000000000000000,1.000000000000000,No,161666,1
342,ANTLER,10327,12.000000000000000,60.000000000000000,1.000000000000000,No,161667,1
343,FRENCH GULCH,10338,12.000000000000000,60.000000000000000,1.000000000000000,Yes,161668,None
344,MC ARTHUR,10349,12.000000000000000,60.000000000000000,1.000000000000000,No,161670,None
345,PIT NO 1,10372,12.000000000000000,60.000000000000000,1.000000000000000,No,161671,None
346,RISING RIVER,10355,12.000000000000000,60.000000000000000,1.000000000000000,No,161672,1
347,WHITMORE,10360,12.000000000000000,60.000000000000000,1.000000000000000,No,161673,None
348,VOLTA,10254,12.000000000000000,60.000000000000000,1.000000000000000,No,161719,2
349,CORDELIA,6270,12.000000000000000,115.000000000000000,2.000000000000000,Yes,161720,4
350,CORTINA,6312,12.000000000000000,60.000000000000000,1.000000000000000,Yes,161721,None
351,BALFOUR,1432,12.000000000000000,60.000000000000000,1.000000000000000,No,161616,1
352,BASALT,4246,12.000000000000000,60.000000000000000,2.000000000000000,Yes,161614,"1,2"
353,WHITNEY,1324,4.000000000000000,21.000000000000000,1.000000000000000,No,161617,None
354,CARLOTTA,19229,12.000000000000000,60.000000000000000,1.000000000000000,No,161696,None
355,EEL RIVER,19238,12.000000000000000,60.000000000000000,2.000000000000000,Yes,161697,2
356,HOOPA,19240,12.000000000000000,60.000000000000000,1.000000000000000,No,161698,1
357,GARBERVILLE,19222,12.000000000000000,60.000000000000000,1.000000000000000,No,161699,None
358,FORT SEWARD,19232,12.000000000000000,60.000000000000000,1.000000000000000,Yes,161700,1
359,HARRIS,19243,12.000000000000000,60.000000000000000,2.000000000000000,No,161701,"1,2"
360,DAVIS,6204,12.000000000000000,115.000000000000000,3.000000000000000,Yes,161702,None
361,DEEPWATER,6362,12.000000000000000,115.000000000000000,2.000000000000000,No,161703,None
362,VACAVILLE,6360,12.000000000000000,115.000000000000000,3.000000000000000,No,161704,None
363,ARBUCKLE,6208,12.000000000000000,60.000000000000000,2.000000000000000,No,161706,1
364,MAINE PRAIRIE,6867,4.160000000000000,60.000000000000000,1.000000000000000,Yes,161710,1
365,BATAVIA,6866,7.500000000000000,60.000000000000000,1.000000000000000,Yes,161707,None
366,KNIGHTS LANDING,6272,12.000000000000000,60.000000000000000,1.000000000000000,No,161708,None
367,MAXWELL,6288,12.000000000000000,60.000000000000000,2.000000000000000,Yes,161709,"1,2"
368,WINTERS,6332,12.000000000000000,60.000000000000000,1.000000000000000,No,161711,None
369,COLUSA JUNCTION,6207,12.000000000000000,60.000000000000000,1.000000000000000,Yes,161712,1
370,SPAULDING,15225,12.000000000000000,60.000000000000000,1.000000000000000,Yes,161713,None
371,BROWNS VALLEY,15292,12.000000000000000,60.000000000000000,1.000000000000000,No,161714,None
372,WILDWOOD,10361,12.000000000000000,115.000000000000000,1.000000000000000,Yes,161715,1
373,KESWICK,10345,12.000000000000000,60.000000000000000,1.000000000000000,Yes,161716,1
374,RAWSON,10353,12.000000000000000,60.000000000000000,1.000000000000000,No,161717,None
375,GIRVAN,10340,12.000000000000000,60.000000000000000,1.000000000000000,No,161718,1
376,FRUITVALE,25339,12.000000000000000,70.000000000000000,2.000000000000000,Yes,65022,None
377,MC CALL,25412,12.000000000000000,115.000000000000000,2.000000000000000,Yes,65023,None
378,PIPER,1812,4.000000000000000,21.000000000000000,1.000000000000000,Yes,161618,None
379,BETHEL,1815,4.000000000000000,21.000000000000000,1.000000000000000,Yes,161619,None
380,SHORE ACRES,1810,4.000000000000000,21.000000000000000,1.000000000000000,Yes,161620,None
381,MORAGA,1380,12.000000000000000,115.000000000000000,1.000000000000000,No,161622,None
382,STILLWATER STATION,10356,12.000000000000000,60.000000000000000,1.000000000000000,No,161674,1
383,OREGON TRAIL,10352,12.000000000000000,115.000000000000000,2.000000000000000,Yes,161675,1
384,GERBER,10339,12.000000000000000,60.000000000000000,1.000000000000000,Yes,161679,None
385,LOS MOLINOS,10348,12.000000000000000,60.000000000000000,1.000000000000000,Yes,161676,1
386,PANORAMA,10346,12.000000000000000,115.000000000000000,1.000000000000000,No,161677,None
387,TYLER,10357,12.000000000000000,60.000000000000000,2.000000000000000,No,161678,1
388,RED BLUFF,10354,12.000000000000000,60.000000000000000,3.000000000000000,No,161680,None
389,CAPAY,10211,12.000000000000000,60.000000000000000,1.000000000000000,Yes,161681,None
390,ORLAND B,10270,12.000000000000000,60.000000000000000,2.000000000000000,No,161682,"1,2"
391,CLARK ROAD,10309,12.000000000000000,60.000000000000000,1.000000000000000,Yes,161683,None
392,PARADISE,10283,12.000000000000000,115.000000000000000,2.000000000000000,No,161684,None
393,NORD,10307,12.000000000000000,115.000000000000000,2.000000000000000,No,161685,None
394,HAMILTON A,10212,12.000000000000000,60.000000000000000,1.000000000000000,Yes,161688,None
395,CHICO A,10205,4.000000000000000,60.000000000000000,3.000000000000000,No,161689,None
396,CHICO B,10249,12.000000000000000,115.000000000000000,2.000000000000000,Yes,161690,None
397,PIT NO 7,10350,2.400000000000000,12.000000000000000,1.000000000000000,Yes,161691,None
398,ORICK,19226,12.000000000000000,60.000000000000000,1.000000000000000,Yes,161695,None
399,MAPLE CREEK,19210,12.000000000000000,60.000000000000000,1.000000000000000,Yes,161692,None
400,BLUE LAKE,19218,12.000000000000000,60.000000000000000,1.000000000000000,Yes,161693,1
401,HUM BAY,19234,12.000000000000000,60.000000000000000,1.000000000000000,Yes,161694,None
402,WESTLAKE,2260,4.160000000000000,12.000000000000000,2.000000000000000,Yes,49053,None
403,SAN BENITO,18274,21.000000000000000,115.000000000000000,1.000000000000000,Yes,49107,None
404,BANTA,16247,12.000000000000000,60.000000000000000,1.000000000000000,Yes,65206,None
405,CARBONA,16309,12.000000000000000,60.000000000000000,2.000000000000000,Yes,65207,2A
406,CHEROKEE,16365,12.000000000000000,60.000000000000000,1.000000000000000,Yes,65208,1
407,COLONY,16223,12.000000000000000,60.000000000000000,1.000000000000000,No,65209,None
408,CORRAL,16299,12.000000000000000,60.000000000000000,2.000000000000000,No,65210,"1,1"
409,CURTIS,16335,17.000000000000000,115.000000000000000,2.000000000000000,Yes,65027,"1,2"
410,EL NIDO,25245,12.000000000000000,115.000000000000000,2.000000000000000,Yes,65028,None
411,RANCHERS COTTON,25480,12.000000000000000,115.000000000000000,1.000000000000000,No,65029,None
412,NORCO,25469,12.000000000000000,115.000000000000000,1.000000000000000,Yes,65030,None
413,WEEDPATCH,25297,12.000000000000000,70.000000000000000,1.000000000000000,Yes,65031,None
414,OLD RIVER,25282,12.000000000000000,70.000000000000000,2.000000000000000,Yes,65032,None
415,TEMBLOR,25255,12.000000000000000,115.000000000000000,1.000000000000000,Yes,65033,None
416,SHAFTER,25365,12.000000000000000,115.000000000000000,2.000000000000000,Yes,65034,None
417,MAGUNDEN,25277,12.000000000000000,115.000000000000000,2.000000000000000,Yes,65035,None
418,STANISLAUS,16282,17.000000000000000,115.000000000000000,1.000000000000000,No,65036,2
419,BIOLA,25221,12.000000000000000,70.000000000000000,1.000000000000000,Yes,65037,None
420,CORCORAN,25217,12.000000000000000,115.000000000000000,2.000000000000000,Yes,65218,None
421,FRENCH CAMP,16329,12.000000000000000,60.000000000000000,2.000000000000000,Yes,65225,None
422,FROGTOWN,16345,17.000000000000000,115.000000000000000,2.000000000000000,No,65226,"1,2"
423,IONE,16388,12.000000000000000,60.000000000000000,1.000000000000000,No,65227,1
424,LAMMERS,16277,12.000000000000000,115.000000000000000,2.000000000000000,Yes,65228,None
425,LOCKEFORD,16368,21.000000000000000,115.000000000000000,1.000000000000000,Yes,65229,None
426,MARTELL,16301,12.000000000000000,60.000000000000000,1.000000000000000,No,65230,None
427,METTLER,16370,12.000000000000000,60.000000000000000,1.000000000000000,Yes,65231,3
428,RIO BRAVO,25286,12.000000000000000,115.000000000000000,2.000000000000000,Yes,65232,None
429,ROSEDALE,25476,12.000000000000000,115.000000000000000,1.000000000000000,No,65233,None
430,SEMITROPIC,25290,12.000000000000000,115.000000000000000,1.000000000000000,Yes,65234,None
431,MIDDLE RIVER,16209,12.000000000000000,60.000000000000000,1.000000000000000,Yes,65235,None
432,MORMON,16321,12.000000000000000,60.000000000000000,1.000000000000000,Yes,65236,1
433,NEW HOPE,16208,12.000000000000000,60.000000000000000,1.000000000000000,Yes,65237,1
434,PINE GROVE,16375,12.000000000000000,60.000000000000000,2.000000000000000,Yes,65238,"1,2"
435,SALT SPRINGS,16369,21.000000000000000,11.000000000000000,1.000000000000000,Yes,65239,None
436,ANTELOPE,25202,12.000000000000000,70.000000000000000,1.000000000000000,Yes,65240,1
437,PLEASANT HILL,1330,4.000000000000000,21.000000000000000,1.000000000000000,Yes,434152,None
438,GEARY,1359,4.000000000000000,21.000000000000000,1.000000000000000,Yes,434153,None
439,LAS AROMAS,1360,4.000000000000000,12.000000000000000,1.000000000000000,Yes,434154,None
440,WAYNE,1381,4.000000000000000,21.000000000000000,1.000000000000000,Yes,434155,None
441,BERESFORD,2404,4.000000000000000,60.000000000000000,2.000000000000000,Yes,49031,"1,2"
442,PARSONS,1366,4.160000000000000,12.000000000000000,2.000000000000000,Yes,49045,None
443,SAN LORENZO,1346,4.000000000000000,12.000000000000000,2.000000000000000,Yes,49100,None
444,DIVIDE,18257,12.000000000000000,70.000000000000000,2.000000000000000,Yes,49102,None
445,LAWNDALE,2244,4.160000000000000,12.000000000000000,2.000000000000000,No,49105,None
446,ARANA,8301,4.000000000000000,21.000000000000000,2.000000000000000,No,49156,None
447,SCE TEHACHAPI,25813,0.000000000000000,0.000000000000000,1.000000000000000,Yes,65176,None
448,SO. CAL. EDISON,25888,0.000000000000000,0.000000000000000,1.000000000000000,Yes,65178,None
449,BEAR VALLEY,25219,21.000000000000000,70.000000000000000,1.000000000000000,No,65094,1
450,KERMAN,25271,12.000000000000000,70.000000000000000,2.000000000000000,Yes,65095,None
451,STOCKTON ACRES,16322,4.000000000000000,60.000000000000000,1.000000000000000,No,65096,1
452,TOKAY SUB,16888,0.000000000000000,0.000000000000000,1.000000000000000,Yes,65182,None
453,WATSONVILLE,8333,4.000000000000000,60.000000000000000,2.000000000000000,Yes,49050,2
454,HOLLISTER,18249,21.000000000000000,115.000000000000000,3.000000000000000,No,49099,None
455,SOQUEL,8330,4.000000000000000,21.000000000000000,1.000000000000000,No,49132,None
456,STOCKDALE,25407,12.000000000000000,230.000000000000000,6.000000000000000,No,65097,None
457,GREEN VALLEY,8319,21.000000000000000,115.000000000000000,2.000000000000000,Yes,49136,None
458,SEACLIFF,8350,4.000000000000000,21.000000000000000,2.000000000000000,No,49109,None
459,STROUD,25366,12.000000000000000,70.000000000000000,1.000000000000000,Yes,65098,None
460,COALINGA NO 2,25238,12.000000000000000,70.000000000000000,1.000000000000000,Yes,65099,None
461,BALCH NO 1,25250,12.000000000000000,115.000000000000000,1.000000000000000,Yes,65103,None
462,DUNLAP,25406,12.000000000000000,70.000000000000000,1.000000000000000,Yes,65104,None
463,KERCKHOFF,25256,12.000000000000000,6.600000000000000,1.000000000000000,No,65105,None
464,MARICOPA,25421,12.000000000000000,70.000000000000000,1.000000000000000,Yes,65106,None
465,CASSIDY,25427,21.000000000000000,70.000000000000000,2.000000000000000,No,65107,None
466,BOWLES,25353,12.000000000000000,70.000000000000000,1.000000000000000,No,65108,None
467,KERN POWER,25526,21.000000000000000,115.000000000000000,2.000000000000000,Yes,65109,None
468,ALPINE,16356,12.000000000000000,17.000000000000000,1.000000000000000,Yes,65110,None
469,ANGIOLA,25215,12.000000000000000,70.000000000000000,1.000000000000000,Yes,65111,None
470,CAL WATER,25545,12.000000000000000,115.000000000000000,1.000000000000000,Yes,65112,None
471,WELLFIELD,25429,12.000000000000000,70.000000000000000,2.000000000000000,Yes,65113,1
472,LODI,16211,4.800000000000000,60.000000000000000,2.000000000000000,No,65114,None
473,CRANE VALLEY,25853,12.000000000000000,11.000000000000000,1.000000000000000,No,65219,None
474,SONOMA,4272,12.000000000000000,115.000000000000000,2.000000000000000,No,161598,None
475,MENDOCINO,4295,12.000000000000000,60.000000000000000,1.000000000000000,No,161595,None
476,LAKEVILLE,4337,12.000000000000000,230.000000000000000,2.000000000000000,Yes,161599,None
477,MCAVOY TAP,1809,4.000000000000000,21.000000000000000,1.000000000000000,Yes,161596,None
478,BEACH Q,2234,4.000000000000000,12.000000000000000,1.000000000000000,No,161845,None
479,CLOVERDALE,4282,12.000000000000000,115.000000000000000,1.000000000000000,Yes,161600,None
480,BIG TREES,8305,4.000000000000000,21.000000000000000,1.000000000000000,No,450232,None
481,ORINDA,1235,4.000000000000000,12.000000000000000,1.000000000000000,No,450233,None
482,BABEL,1385,4.000000000000000,21.000000000000000,1.000000000000000,No,161601,None
483,LAKEWOOD,1353,12.000000000000000,115.000000000000000,5.000000000000000,Yes,161602,None
484,MIRABEL,4209,12.000000000000000,60.000000000000000,1.000000000000000,Yes,161603,1
485,DUNBAR,4307,12.000000000000000,60.000000000000000,2.000000000000000,Yes,161604,"1,2"
486,GEYSERVILLE,4289,12.000000000000000,60.000000000000000,2.000000000000000,Yes,161605,2
487,GILL,1355,4.000000000000000,21.000000000000000,2.000000000000000,Yes,161607,None
488,SARANAP,1356,4.000000000000000,21.000000000000000,1.000000000000000,No,161608,None
489,MONTICELLO,4305,12.000000000000000,115.000000000000000,1.000000000000000,No,161609,"1,2"
490,PINECREST,16316,4.000000000000000,17.000000000000000,1.000000000000000,No,65220,None
491,MONARCH,16230,4.000000000000000,60.000000000000000,1.000000000000000,Yes,65221,2
492,VALLEY SPRINGS,16230,12.000000000000000,60.000000000000000,1.000000000000000,Yes,65221,2
493,GOOSE LAKE,25420,12.000000000000000,115.000000000000000,2.000000000000000,Yes,65011,None
494,LAKEVIEW,25341,12.000000000000000,70.000000000000000,2.000000000000000,Yes,65012,None
495,TWISSELMAN,25440,12.000000000000000,70.000000000000000,2.000000000000000,Yes,65013,None
496,LERDO,25349,12.000000000000000,115.000000000000000,2.000000000000000,Yes,65014,None
497,MALAGA,25425,12.000000000000000,115.000000000000000,3.000000000000000,Yes,65015,None
498,WASCO,25296,12.000000000000000,70.000000000000000,1.000000000000000,Yes,65016,None
499,WOODCHUCK,25491,21.000000000000000,70.000000000000000,1.000000000000000,Yes,65017,None
500,CLARKSVILLE,15361,21.000000000000000,115.000000000000000,3.000000000000000,No,161527,None
501,SAUSALITO,4249,4.000000000000000,60.000000000000000,2.000000000000000,Yes,161528,1
502,NOVATO,4221,12.000000000000000,60.000000000000000,2.000000000000000,Yes,161530,"1,2"
503,BURNEY,10331,12.000000000000000,60.000000000000000,2.000000000000000,No,161531,2
504,BOLINAS,4226,12.000000000000000,60.000000000000000,1.000000000000000,No,161532,None
505,WOODACRE,4302,12.000000000000000,60.000000000000000,1.000000000000000,Yes,161533,None
506,LAS GALLINAS A,4299,12.000000000000000,115.000000000000000,3.000000000000000,Yes,161534,None
507,BAHIA,4325,12.000000000000000,230.000000000000000,2.000000000000000,Yes,161539,None
508,STAFFORD,4320,12.000000000000000,60.000000000000000,2.000000000000000,No,161536,None
509,OAKLAND J,1209,4.000000000000000,115.000000000000000,5.000000000000000,Yes,161817,None
510,ACTON,2247,4.000000000000000,12.000000000000000,2.000000000000000,No,161814,None
511,HUNTERS POINT P,2233,12.000000000000000,115.000000000000000,2.000000000000000,Yes,161815,None
512,BAYSHORE,2289,34.500000000000000,115.000000000000000,2.000000000000000,Yes,161816,None
513,CASTRO,2248,4.000000000000000,12.000000000000000,2.000000000000000,No,161818,None
514,RANDOLPH,2259,4.000000000000000,12.000000000000000,3.000000000000000,No,161819,None
515,21ST AVENUE,2255,4.160000000000000,12.000000000000000,3.000000000000000,No,161820,None
516,18TH STREET,2239,4.160000000000000,12.000000000000000,1.000000000000000,No,161821,None
517,PORTOLA,2261,4.000000000000000,12.000000000000000,2.000000000000000,Yes,161822,None
518,YOSEMITE,2249,4.000000000000000,12.000000000000000,3.000000000000000,No,161823,None
519,OAKLAND K,1210,12.000000000000000,115.000000000000000,1.000000000000000,Yes,161824,None
520,POINT PINOLE,1426,12.000000000000000,115.000000000000000,1.000000000000000,No,161825,None
521,OAKLAND X,1254,4.000000000000000,115.000000000000000,5.000000000000000,Yes,161826,None
522,BARRETT,1302,4.000000000000000,12.000000000000000,2.000000000000000,No,161828,None
523,BECK STREET,1264,4.000000000000000,12.000000000000000,1.000000000000000,No,161829,None
524,FRANKLIN,1392,12.000000000000000,60.000000000000000,2.000000000000000,Yes,161830,None
525,HOLLYWOOD,1317,4.160000000000000,12.000000000000000,1.000000000000000,No,161831,None
526,SF G,2209,4.160000000000000,12.000000000000000,3.000000000000000,Yes,161833,None
527,SILVER,2267,4.000000000000000,12.000000000000000,1.000000000000000,No,161834,None
528,SF N,2228,0.000000000000000,12.000000000000000,5.000000000000000,Yes,161835,None
529,PUTAH CREEK,6368,12.000000000000000,115.000000000000000,2.000000000000000,Yes,161836,None
530,SF E,2207,0.000000000000000,12.000000000000000,3.000000000000000,No,161837,None
531,FLORENCE,1269,4.160000000000000,12.000000000000000,1.000000000000000,Yes,161838,None
532,SF L,2226,4.160000000000000,12.000000000000000,2.000000000000000,Yes,161840,None
533,OAKLAND I,1208,4.000000000000000,12.000000000000000,2.000000000000000,No,161841,None
534,SF Z,2287,12.000000000000000,230.000000000000000,10.000000000000000,Yes,161842,None
535,SF J Tie Cable Bu,2287,12.000000000000000,12.000000000000000,1.000000000000000,Yes,161842,None
536,LONE TREE,1323,21.000000000000000,230.000000000000000,2.000000000000000,No,161623,None
537,GIFFEN,25315,12.000000000000000,70.000000000000000,1.000000000000000,Yes,65070,None
538,GATES,25393,12.000000000000000,230.000000000000000,2.000000000000000,Yes,65071,None
539,CHARCA,25450,12.000000000000000,115.000000000000000,2.000000000000000,Yes,65072,None
540,SALMON CREEK,4316,12.000000000000000,60.000000000000000,1.000000000000000,No,161624,1
541,CORONA,4349,12.000000000000000,115.000000000000000,1.000000000000000,Yes,161625,None
542,CLAYTON,1202,12.000000000000000,115.000000000000000,4.000000000000000,No,161626,None
543,TIDEWATER,1465,21.000000000000000,230.000000000000000,2.000000000000000,Yes,161628,None
544,MEADOW LANE,1430,21.000000000000000,115.000000000000000,3.000000000000000,Yes,161633,None
545,PENNGROVE,4347,12.000000000000000,115.000000000000000,1.000000000000000,Yes,161629,None
546,ROSSMOOR,1416,12.000000000000000,230.000000000000000,2.000000000000000,Yes,161630,None
547,CONCORD NO 1,1296,4.000000000000000,21.000000000000000,2.000000000000000,Yes,161631,None
548,CONTRA COSTA,1365,21.000000000000000,230.000000000000000,4.000000000000000,Yes,161652,None
549,SOBRANTE,1467,12.000000000000000,115.000000000000000,1.000000000000000,Yes,161653,None
550,FORT ROSS,4285,12.000000000000000,60.000000000000000,1.000000000000000,No,161654,None
551,WILLOW PASS,1391,12.000000000000000,115.000000000000000,2.000000000000000,No,161655,1
552,RINCON,4332,12.000000000000000,115.000000000000000,3.000000000000000,No,161656,None
553,PETALUMA C,4263,4.000000000000000,60.000000000000000,4.000000000000000,Yes,161658,"2,3,4"
554,FAIRVIEW,1343,21.000000000000000,115.000000000000000,1.000000000000000,Yes,161659,None
555,VALLEJO C,4255,4.000000000000000,12.000000000000000,1.000000000000000,No,161660,None
556,JUDAH,2240,4.330000000000000,12.000000000000000,2.000000000000000,No,161801,None
557,ESQUON,10217,12.000000000000000,60.000000000000000,2.000000000000000,Yes,161798,1
558,WARD,1298,4.160000000000000,12.000000000000000,1.000000000000000,No,49020,None
559,ANITA,10284,12.000000000000000,60.000000000000000,2.000000000000000,Yes,161799,"1,2"
560,RESEARCH,1469,21.000000000000000,230.000000000000000,1.000000000000000,No,49041,None
561,NOTRE DAME,10204,12.000000000000000,115.000000000000000,2.000000000000000,No,161800,None
562,NORIEGA,2251,4.000000000000000,12.000000000000000,2.000000000000000,No,161802,None
563,OCEAN,2258,4.000000000000000,12.000000000000000,2.000000000000000,No,161804,None
564,FITCH MOUNTAIN,4275,12.000000000000000,60.000000000000000,2.000000000000000,Yes,161634,"1,2"
565,SCE REFUGIO,18807,12.000000000000000,60.000000000000000,1.000000000000000,Yes,49002,None
566,BERKELEY F,1206,4.000000000000000,12.000000000000000,2.000000000000000,Yes,161847,None
567,SF K,2213,4.000000000000000,12.000000000000000,5.000000000000000,Yes,161807,None
568,VALLEJO B,4245,4.000000000000000,24.000000000000000,3.000000000000000,No,161535,None
569,TASSAJARA,1466,21.000000000000000,230.000000000000000,3.000000000000000,No,161635,None
570,RICHMOND Q,1252,4.000000000000000,12.000000000000000,2.000000000000000,Yes,161839,None
571,OPAL CLIFFS,8345,4.000000000000000,12.000000000000000,2.000000000000000,No,65491,None
572,DESCHUTES,10335,12.000000000000000,60.000000000000000,2.000000000000000,No,161637,2
573,RIO DELL,19225,12.000000000000000,60.000000000000000,1.000000000000000,No,161638,None
574,WILLITS,4266,12.000000000000000,60.000000000000000,2.000000000000000,Yes,161639,None
575,ANDERSON,10326,12.000000000000000,60.000000000000000,1.000000000000000,No,161640,None
576,CORNING,10333,4.000000000000000,60.000000000000000,3.000000000000000,Yes,161641,2
577,ORTIGA,25431,12.000000000000000,70.000000000000000,1.000000000000000,No,65179,None
578,DAIRYVILLE,10334,12.000000000000000,60.000000000000000,1.000000000000000,No,161642,1
579,BAY MEADOWS,2401,12.000000000000000,115.000000000000000,4.000000000000000,Yes,49101,None
580,NEWBURG,19215,12.000000000000000,60.000000000000000,2.000000000000000,No,161643,2
581,BOGARD,10330,12.000000000000000,60.000000000000000,1.000000000000000,Yes,161645,1
582,PETALUMA A,4212,4.000000000000000,60.000000000000000,1.000000000000000,No,161649,None
583,GLENN,10260,12.000000000000000,60.000000000000000,1.000000000000000,No,161646,None
584,BRENTWOOD,1459,21.000000000000000,230.000000000000000,3.000000000000000,Yes,161647,None
585,PITTSBURG,1216,12.000000000000000,60.000000000000000,1.000000000000000,Yes,161648,1
586,MOLINO,4257,12.000000000000000,60.000000000000000,2.000000000000000,No,161650,"1,2"
587,COTATI,4227,12.000000000000000,60.000000000000000,2.000000000000000,Yes,161651,None
588,STOREY,25461,12.000000000000000,230.000000000000000,2.000000000000000,No,65018,None
589,COPPERMINE,25241,12.000000000000000,70.000000000000000,1.000000000000000,No,65019,None
590,CAMDEN,25230,12.000000000000000,70.000000000000000,2.000000000000000,Yes,65020,2
591,WESTLEY,16267,12.000000000000000,60.000000000000000,2.000000000000000,Yes,65021,"1,2"
592,LAS PALMAS,25492,12.000000000000000,115.000000000000000,1.000000000000000,Yes,65222,None
593,PANOCHE,25367,12.000000000000000,230.000000000000000,1.000000000000000,Yes,81490,None
594,SAN JUSTO,18318,12.000000000000000,21.000000000000000,1.000000000000000,No,129492,None
595,TRES PINOS,18322,12.000000000000000,21.000000000000000,1.000000000000000,No,145495,None
596,HORSESHOE,15257,12.000000000000000,115.000000000000000,2.000000000000000,No,161511,None
597,DIAMOND SPRINGS,15226,12.000000000000000,115.000000000000000,2.000000000000000,No,161512,None
598,SILVERADO,4343,21.000000000000000,115.000000000000000,2.000000000000000,No,161513,None
599,NORTH TOWER,4204,12.000000000000000,115.000000000000000,4.000000000000000,No,161514,None
600,SAN RAFAEL,4201,12.000000000000000,115.000000000000000,3.000000000000000,Yes,161515,None
601,PLACER,15246,12.000000000000000,115.000000000000000,2.000000000000000,Yes,161516,None
602,OLEMA,4229,12.000000000000000,60.000000000000000,1.000000000000000,No,161517,1
603,SHINGLE SPRINGS,15365,12.000000000000000,115.000000000000000,3.000000000000000,Yes,161518,3
604,FLINT,15253,12.000000000000000,115.000000000000000,1.000000000000000,Yes,161519,None
605,SHADY GLEN,15243,12.000000000000000,60.000000000000000,1.000000000000000,No,161524,1
606,NAPA,4202,12.000000000000000,60.000000000000000,3.000000000000000,No,161521,None
607,ROCKLIN,15206,12.000000000000000,60.000000000000000,2.000000000000000,No,161522,"1,2"
608,PLACERVILLE,15308,12.000000000000000,115.000000000000000,2.000000000000000,No,161523,None
609,TULUCAY,4230,12.000000000000000,60.000000000000000,1.000000000000000,Yes,161525,None
610,NARROWS,15313,21.000000000000000,60.000000000000000,2.000000000000000,Yes,161526,2
611,CHOWCHILLA,25410,12.000000000000000,115.000000000000000,2.000000000000000,Yes,65024,None
612,FIREBAUGH,25347,12.000000000000000,70.000000000000000,1.000000000000000,Yes,65025,None
613,ALPAUGH,25400,12.000000000000000,115.000000000000000,3.000000000000000,Yes,65026,None
614,CAMP EVERS,8362,21.000000000000000,115.000000000000000,2.000000000000000,No,49011,None
615,ROBLES,1358,4.000000000000000,21.000000000000000,1.000000000000000,Yes,418151,None
616,SPRUCE,1334,4.160000000000000,12.000000000000000,2.000000000000000,Yes,418168,None
617,AMD,8385,0.000000000000000,0.000000000000000,1.000000000000000,Yes,48993,None
618,BUCKS CREEK,10221,12.000000000000000,11.000000000000000,1.000000000000000,Yes,161669,None
619,HAMMER,16330,12.000000000000000,60.000000000000000,3.000000000000000,Yes,64994,None
620,CRESSEY,25470,21.000000000000000,115.000000000000000,1.000000000000000,No,64995,None
621,SPRING GAP,16283,17.000000000000000,115.000000000000000,1.000000000000000,No,64996,None
622,HAMMONDS,25340,12.000000000000000,115.000000000000000,1.000000000000000,Yes,64997,None
623,COLUMBUS,25395,12.000000000000000,115.000000000000000,3.000000000000000,Yes,64998,None
624,GUSTINE,16311,12.000000000000000,60.000000000000000,2.000000000000000,Yes,64999,"1,2"
625,VIERRA,16270,17.000000000000000,115.000000000000000,2.000000000000000,Yes,65000,"1,2"
626,BERRENDA C,25448,12.000000000000000,70.000000000000000,1.000000000000000,Yes,65001,1
627,MADERA,25276,12.000000000000000,70.000000000000000,3.000000000000000,Yes,65002,None
628,GUERNSEY,25266,12.000000000000000,70.000000000000000,2.000000000000000,Yes,65003,None
629,ELK HILLS,25244,12.000000000000000,70.000000000000000,1.000000000000000,Yes,65004,None
630,ANNAPOLIS,4286,12.000000000000000,60.000000000000000,1.000000000000000,No,161566,None
631,BELLEVUE,4318,12.000000000000000,115.000000000000000,4.000000000000000,Yes,161567,None
632,CEDAR CREEK,10332,12.000000000000000,60.000000000000000,1.000000000000000,No,161568,None
633,MARYSVILLE,15201,12.000000000000000,60.000000000000000,3.000000000000000,Yes,161570,None
634,TUDOR,15371,12.000000000000000,60.000000000000000,1.000000000000000,Yes,161571,None
635,FRUITLAND,19231,12.000000000000000,60.000000000000000,1.000000000000000,No,161572,1
636,TRINIDAD,19223,12.000000000000000,60.000000000000000,1.000000000000000,Yes,161573,None
637,LOW GAP,19241,12.000000000000000,115.000000000000000,1.000000000000000,No,161574,None
638,EUREKA E,19233,12.000000000000000,60.000000000000000,1.000000000000000,Yes,161575,None
639,ARCATA,19202,12.000000000000000,60.000000000000000,2.000000000000000,Yes,161576,None
640,GANSNER,10302,12.000000000000000,60.000000000000000,1.000000000000000,No,161577,1
641,BIG LAGOON,19236,12.000000000000000,60.000000000000000,1.000000000000000,No,161578,1
642,DAYTON ROAD,10294,4.160000000000000,12.000000000000000,1.000000000000000,No,161580,None
643,ELK CREEK,10278,12.000000000000000,60.000000000000000,1.000000000000000,No,161584,1
644,MONROE,4330,12.000000000000000,115.000000000000000,3.000000000000000,Yes,161581,None
645,JESSUP,10344,12.000000000000000,115.000000000000000,1.000000000000000,No,161582,None
646,WYANDOTTE,10291,12.000000000000000,115.000000000000000,3.000000000000000,Yes,161583,None
647,JACINTO,10285,12.000000000000000,60.000000000000000,1.000000000000000,No,161585,1
648,LOGAN CREEK,10314,21.000000000000000,230.000000000000000,1.000000000000000,No,161586,None
649,WILLOWS A,10274,12.000000000000000,60.000000000000000,1.000000000000000,No,161587,1
650,KANAKA,10322,12.000000000000000,115.000000000000000,1.000000000000000,No,161588,1
651,CHALLENGE,10320,12.000000000000000,60.000000000000000,1.000000000000000,No,161589,1
652,BANGOR,10319,12.000000000000000,115.000000000000000,1.000000000000000,No,161590,1
653,FULTON,4256,12.000000000000000,230.000000000000000,2.000000000000000,No,161597,None
654,CHESTER,10318,12.000000000000000,60.000000000000000,1.000000000000000,No,161591,1
655,CALPINE,4801,0.000000000000000,0.000000000000000,1.000000000000000,Yes,161592,None
656,SYCAMORE CREEK,10297,12.000000000000000,115.000000000000000,3.000000000000000,No,161593,None
657,OROVILLE,10252,4.000000000000000,60.000000000000000,3.000000000000000,Yes,161594,3
658,BOGUE,15378,12.000000000000000,115.000000000000000,2.000000000000000,No,161775,None
659,WHEATLAND,15281,12.000000000000000,60.000000000000000,2.000000000000000,No,161776,"1,2"
660,HARTER,15285,12.000000000000000,60.000000000000000,2.000000000000000,Yes,161777,None
661,OLIVEHURST,15290,12.000000000000000,115.000000000000000,2.000000000000000,No,161778,None
662,CATLETT,15376,12.000000000000000,60.000000000000000,2.000000000000000,Yes,161779,1
663,BELL,15270,12.000000000000000,115.000000000000000,2.000000000000000,No,161780,None
664,COLUMBIA HILL,15247,12.000000000000000,60.000000000000000,1.000000000000000,No,161781,1
665,PIT NO 5,10132,12.000000000000000,11.000000000000000,1.000000000000000,Yes,161785,None
666,DRUM,15232,12.000000000000000,60.000000000000000,1.000000000000000,No,161782,None
667,ALLEGHANY,15210,12.000000000000000,60.000000000000000,1.000000000000000,No,161783,None
668,VINA,10358,12.000000000000000,60.000000000000000,1.000000000000000,Yes,161784,1
669,COTTONWOOD,10293,12.000000000000000,115.000000000000000,2.000000000000000,No,161786,None
670,PIT NO 3,10373,21.000000000000000,11.000000000000000,1.000000000000000,Yes,161787,None
671,TRES VIAS,10325,12.000000000000000,60.000000000000000,1.000000000000000,No,161788,1
672,PEACHTON,10324,12.000000000000000,60.000000000000000,2.000000000000000,Yes,161789,None
673,HONCUT,10321,12.000000000000000,115.000000000000000,1.000000000000000,Yes,161790,None
674,BIG MEADOWS,10281,21.000000000000000,60.000000000000000,1.000000000000000,Yes,161792,None
675,SPANISH CREEK,10310,44.000000000000000,60.000000000000000,1.000000000000000,Yes,161794,None
676,GRAYS FLAT,10253,4.000000000000000,44.000000000000000,1.000000000000000,No,161795,None
677,EAST QUINCY,10255,12.000000000000000,60.000000000000000,1.000000000000000,No,161796,1
678,BUTTE,10308,12.000000000000000,115.000000000000000,2.000000000000000,No,161797,None
679,SF Y,2280,12.000000000000000,115.000000000000000,6.000000000000000,Yes,161844,None
680,SOLANO,1314,4.000000000000000,12.000000000000000,2.000000000000000,No,161846,None
681,MAPLE,1352,4.160000000000000,12.000000000000000,1.000000000000000,No,161848,None
682,OAK,1260,4.160000000000000,12.000000000000000,1.000000000000000,No,161849,None
683,WOOD,1338,4.000000000000000,12.000000000000000,1.000000000000000,Yes,161850,None
684,WALL,1374,4.000000000000000,12.000000000000000,1.000000000000000,No,161851,None
685,VIRGINIA,1378,4.000000000000000,12.000000000000000,1.000000000000000,No,161852,None
686,FAIRMOUNT,1265,4.000000000000000,12.000000000000000,2.000000000000000,No,161853,None
687,OAKLAND C,1201,12.000000000000000,115.000000000000000,4.000000000000000,Yes,161854,None
688,VALLEY VIEW,1434,12.000000000000000,115.000000000000000,2.000000000000000,No,161855,None
689,EL CERRITO G,1250,12.000000000000000,115.000000000000000,3.000000000000000,Yes,161856,None
690,SAN PABLO,1437,12.000000000000000,115.000000000000000,1.000000000000000,No,161857,None
691,PALO SECO,1318,4.000000000000000,12.000000000000000,1.000000000000000,Yes,161858,None
692,TARAVAL,2250,4.000000000000000,12.000000000000000,3.000000000000000,Yes,161805,None
693,BERKELEY T,1266,4.000000000000000,12.000000000000000,2.000000000000000,No,161806,None
694,SF J,2222,4.000000000000000,12.000000000000000,2.000000000000000,Yes,161808,None
695,SF M,2227,4.000000000000000,12.000000000000000,3.000000000000000,No,161809,None
696,BROOKSIDE,1321,4.000000000000000,12.000000000000000,1.000000000000000,No,161810,None
697,PLYMOUTH,2268,4.000000000000000,12.000000000000000,1.000000000000000,No,161811,None
698,6TH AVENUE,2253,4.160000000000000,12.000000000000000,3.000000000000000,No,161812,None
699,MARINA,2278,4.000000000000000,12.000000000000000,3.000000000000000,Yes,161813,None
700,EDES,1368,12.000000000000000,115.000000000000000,2.000000000000000,Yes,161862,None
701,RIDGE,1284,4.000000000000000,12.000000000000000,2.000000000000000,Yes,161859,None
702,RUSSELL,1331,4.000000000000000,12.000000000000000,1.000000000000000,No,161860,None
703,8TH AVENUE,1267,4.000000000000000,12.000000000000000,1.000000000000000,No,161861,None
704,RICHMOND R,1347,12.000000000000000,115.000000000000000,2.000000000000000,Yes,161863,None
705,ARLINGTON,1370,4.000000000000000,12.000000000000000,1.000000000000000,Yes,161864,None
706,WALDO,1335,4.160000000000000,12.000000000000000,2.000000000000000,No,161865,None
707,OAKLAND D,1204,4.000000000000000,115.000000000000000,6.000000000000000,Yes,161866,None
708,SF X,2201,12.000000000000000,115.000000000000000,6.000000000000000,Yes,161867,None
709,MISSION X,2201,4.000000000000000,12.000000000000000,2.000000000000000,Yes,161867,None
710,STUART,1384,4.160000000000000,12.000000000000000,2.000000000000000,No,161868,None
711,OAKLAND L,1211,4.000000000000000,115.000000000000000,5.000000000000000,Yes,161869,None
712,BANCROFT,1303,4.000000000000000,12.000000000000000,2.000000000000000,No,161870,None
713,MOUNTAIN QUARRIES,15228,21.000000000000000,60.000000000000000,1.000000000000000,No,178007,1
714,JERSEY ISLAND,1832,4.160000000000000,21.000000000000000,1.000000000000000,Yes,194007,None
715,MEDER,8355,4.000000000000000,21.000000000000000,1.000000000000000,Yes,129490,None
716,CARRIZO PLAINS,25346,12.000000000000000,115.000000000000000,1.000000000000000,No,65074,1
717,BIG BASIN,8284,12.000000000000000,60.000000000000000,1.000000000000000,Yes,49047,1
718,FELTON,8314,4.000000000000000,21.000000000000000,1.000000000000000,Yes,49152,None
719,LOCKHEED NO.1,8299,12.000000000000000,115.000000000000000,2.000000000000000,Yes,113489,None
720,MIRA VISTA,1233,4.160000000000000,12.000000000000000,2.000000000000000,No,161827,None
721,HAMILTON BRANCH,10236,12.000000000000000,60.000000000000000,1.000000000000000,No,161791,None
722,GOSFORD,25999,21.000000000000000,70.000000000000000,1.000000000000000,Yes,434200,None
723,WINDSOR,4350,12.000000000000000,60.000000000000000,1.000000000000000,No,434168,None
724,SHEPHERD,25206,12.000000000000000,115.000000000000000,1.000000000000000,Yes,210008,None
725,HICKS,8343,12.000000000000000,230.000000000000000,4.000000000000000,No,242026,None
726,MORGAN HILL,8324,12.000000000000000,115.000000000000000,3.000000000000000,No,274029,None
727,FRANKS,8800,0.000000000000000,0.000000000000000,1.000000000000000,Yes,306023,None
728,ROLAND,8375,4.000000000000000,21.000000000000000,2.000000000000000,Yes,434250,None
729,CLIFF DRIVE,8323,4.000000000000000,21.000000000000000,2.000000000000000,Yes,434249,None
730,RIO DEL MAR,8326,4.000000000000000,21.000000000000000,2.000000000000000,No,434231,None
731,MANZANITA,18315,4.000000000000000,21.000000000000000,1.000000000000000,Yes,434247,None
732,SPENCE,18220,12.000000000000000,60.000000000000000,2.000000000000000,Yes,49158,2
733,SMYRNA,25355,12.000000000000000,115.000000000000000,2.000000000000000,Yes,65054,None
734,TUPMAN,25456,12.000000000000000,115.000000000000000,2.000000000000000,Yes,65055,None
735,CUYAMA,25314,12.000000000000000,70.000000000000000,2.000000000000000,Yes,65056,None
736,COPUS,25387,12.000000000000000,70.000000000000000,2.000000000000000,Yes,65057,2
737,JACOBS CORNER,25477,12.000000000000000,70.000000000000000,2.000000000000000,Yes,65060,"1,2"
738,MOSHER,16372,21.000000000000000,60.000000000000000,3.000000000000000,Yes,65061,None
739,MIWUK,16366,17.000000000000000,115.000000000000000,1.000000000000000,No,65062,1
740,CLOVIS,25408,12.000000000000000,115.000000000000000,3.000000000000000,Yes,65063,None
741,MC MULLIN,25441,12.000000000000000,230.000000000000000,1.000000000000000,Yes,65064,None
742,SANTA RITA,25354,12.000000000000000,70.000000000000000,1.000000000000000,Yes,65065,None
743,OLETA,16354,12.000000000000000,60.000000000000000,2.000000000000000,No,65066,"1,2"
744,WEST FRESNO,25373,12.000000000000000,115.000000000000000,3.000000000000000,Yes,65067,None
745,DEVILS DEN,25345,12.000000000000000,70.000000000000000,1.000000000000000,Yes,65068,1
746,MARIPOSA,25445,21.000000000000000,70.000000000000000,2.000000000000000,No,65069,"1,2"
747,EAST MARYSVILLE,15233,12.000000000000000,115.000000000000000,2.000000000000000,Yes,161770,None
748,FOREST HILL,15218,12.000000000000000,60.000000000000000,1.000000000000000,No,161767,1
749,SMARTVILLE,15379,12.000000000000000,60.000000000000000,1.000000000000000,No,161768,None
750,AUBURN,15216,12.000000000000000,60.000000000000000,1.000000000000000,No,161769,None
751,HIGGINS,15269,12.000000000000000,115.000000000000000,3.000000000000000,No,161771,1
752,PEASE,15375,12.000000000000000,115.000000000000000,3.000000000000000,Yes,161772,None
753,BARRY,15211,12.000000000000000,60.000000000000000,1.000000000000000,Yes,161773,1
754,LIVE OAK,15377,12.000000000000000,60.000000000000000,2.000000000000000,Yes,161774,"1,2"